{ "projectTeams": [{"salaryRatio": 50 ,"programmerList": [{"programmerID": 1}, {"programmerID": 2}], "id": 1},{"salaryRatio": 100 ,"programmerList": [{"programmerID": 3}, {"programmerID": 4}], "id": 2}], "programmers": [{"firstName": "Joao" ,"lastName": "Costa" ,"assignedTeamId": 1 ,"activityId": 1 ,"salary": 500.0 ,"id": 1},{"firstName": "Quim" ,"lastName": "Barreiros" ,"assignedTeamId": 1 ,"activityId": 2 ,"salary": 500.0 ,"id": 2},{"firstName": "Marco" ,"lastName": "Paulo" ,"assignedTeamId": 2 ,"activityId": 3 ,"salary": 1000.0 ,"id": 3},{"firstName": "Tony" ,"lastName": "Carreira" ,"assignedTeamId": 2 ,"activityId": 4 ,"salary": 1000.0 ,"id": 4}], "activities": [{"description": "Create Front End with AngularJS" ,"startDate": "2018-01-01" ,"endDate": "2018-06-07", "id": 1},{"description": "Create Back End with JAVA" ,"startDate": "2018-02-01" ,"endDate": "2018-07-05", "id": 2},{"description": "Design the Front End" ,"startDate": "2018-01-01" ,"endDate": "2018-06-05", "id": 3},{"description": "Ensure the Project Quality" ,"startDate": "2018-02-01" ,"endDate": "2018-10-05", "id": 4}]}