{
	"projectTeams": [
		{
			"salaryRatio": 50,
			"programmerList": [
				{"programmerId": 1},
				{"programmerId": 2}
			],
			"id":1
		},
		{
			"salaryRatio": 100,
			"programmerList": [
				{"programmerId": 3},
				{"programmerId": 4}
			],
			"id": 2
		}
	],
	"programmers": [
		{
			"firstName": "Nuno",
			"lastName": "Costa",
			"assignedTeamId": 1,
			"activityId": 1,
			"salary": 1000,
			"id": 1 
		},
		{
			"firstName": "Tony",
			"lastName": "Carreira",
			"assignedTeamId": 1,
			"activityId": 2,
			"salary": 1000,
			"id": 2 
		},
		{
			"firstName": "Quim",
			"lastName": "Barreiros",
			"assignedTeamID": 2,
			"activityID": 3,
			"salary": 1000,
			"id": 3 
		},
		{
			"firstName": "Marco",
			"lastName": "Paulo",
			"assignedTeamId": 2,
			"activityId": 4,
			"salary": 1000,
			"id": 4 
		}
	],
	"activities": [
		{
			"description":"Create Front End with AngularJS",
			"startDate":"2018-01-01",
			"endDate":"2018-06-03",
			"id": 1
		},
		{
			"description":"Create Back End with JAVA",
			"startDate":"2018-02-01",
			"endDate":"2018-07-03",
			"id": 2
		},
		{
			"description":"Design the Front End",
			"startDate":"2018-01-01",
			"endDate":"2018-06-03",
			"id": 3
		},
		{
			"description":"Ensure the Project Quality",
			"startDate":"2018-02-01",
			"endDate":"2018-10-03",
			"id": 4
		}
	]
}






